<ImportExportXml version="9.2.21072.139" SolutionPackageVersion="9.2" languagecode="1033" generatedBy="CrmLive" xmlns:xsi="http://www.w3.org/2001/XMLSchema-instance">
  <SolutionManifest>
    <UniqueName>RMC</UniqueName>
    <LocalizedNames>
      <LocalizedName description="recruitment management system" languagecode="1033" />
    </LocalizedNames>
    <Descriptions />
    <Version>1.0.0</Version>
    <Managed>0</Managed>
    <Publisher>
      <UniqueName>Cr05925</UniqueName>
      <LocalizedNames>
        <LocalizedName description="CDS Default Publisher" languagecode="1033" />
      </LocalizedNames>
      <Descriptions />
      <EMailAddress xsi:nil="true"></EMailAddress>
      <SupportingWebsiteUrl xsi:nil="true"></SupportingWebsiteUrl>
      <CustomizationPrefix>crc2e</CustomizationPrefix>
      <CustomizationOptionValuePrefix>70660</CustomizationOptionValuePrefix>
      <Addresses>
        <Address>
          <AddressNumber>1</AddressNumber>
          <AddressTypeCode xsi:nil="true"></AddressTypeCode>
          <City xsi:nil="true"></City>
          <County xsi:nil="true"></County>
          <Country xsi:nil="true"></Country>
          <Fax xsi:nil="true"></Fax>
          <FreightTermsCode xsi:nil="true"></FreightTermsCode>
          <ImportSequenceNumber xsi:nil="true"></ImportSequenceNumber>
          <Latitude xsi:nil="true"></Latitude>
          <Line1 xsi:nil="true"></Line1>
          <Line2 xsi:nil="true"></Line2>
          <Line3 xsi:nil="true"></Line3>
          <Longitude xsi:nil="true"></Longitude>
          <Name xsi:nil="true"></Name>
          <PostalCode xsi:nil="true"></PostalCode>
          <PostOfficeBox xsi:nil="true"></PostOfficeBox>
          <PrimaryContactName xsi:nil="true"></PrimaryContactName>
          <ShippingMethodCode xsi:nil="true"></ShippingMethodCode>
          <StateOrProvince xsi:nil="true"></StateOrProvince>
          <Telephone1 xsi:nil="true"></Telephone1>
          <Telephone2 xsi:nil="true"></Telephone2>
          <Telephone3 xsi:nil="true"></Telephone3>
          <TimeZoneRuleVersionNumber xsi:nil="true"></TimeZoneRuleVersionNumber>
          <UPSZone xsi:nil="true"></UPSZone>
          <UTCOffset xsi:nil="true"></UTCOffset>
          <UTCConversionTimeZoneCode xsi:nil="true"></UTCConversionTimeZoneCode>
        </Address>
        <Address>
          <AddressNumber>2</AddressNumber>
          <AddressTypeCode xsi:nil="true"></AddressTypeCode>
          <City xsi:nil="true"></City>
          <County xsi:nil="true"></County>
          <Country xsi:nil="true"></Country>
          <Fax xsi:nil="true"></Fax>
          <FreightTermsCode xsi:nil="true"></FreightTermsCode>
          <ImportSequenceNumber xsi:nil="true"></ImportSequenceNumber>
          <Latitude xsi:nil="true"></Latitude>
          <Line1 xsi:nil="true"></Line1>
          <Line2 xsi:nil="true"></Line2>
          <Line3 xsi:nil="true"></Line3>
          <Longitude xsi:nil="true"></Longitude>
          <Name xsi:nil="true"></Name>
          <PostalCode xsi:nil="true"></PostalCode>
          <PostOfficeBox xsi:nil="true"></PostOfficeBox>
          <PrimaryContactName xsi:nil="true"></PrimaryContactName>
          <ShippingMethodCode xsi:nil="true"></ShippingMethodCode>
          <StateOrProvince xsi:nil="true"></StateOrProvince>
          <Telephone1 xsi:nil="true"></Telephone1>
          <Telephone2 xsi:nil="true"></Telephone2>
          <Telephone3 xsi:nil="true"></Telephone3>
          <TimeZoneRuleVersionNumber xsi:nil="true"></TimeZoneRuleVersionNumber>
          <UPSZone xsi:nil="true"></UPSZone>
          <UTCOffset xsi:nil="true"></UTCOffset>
          <UTCConversionTimeZoneCode xsi:nil="true"></UTCConversionTimeZoneCode>
        </Address>
      </Addresses>
    </Publisher>
    <RootComponents>
      <RootComponent type="1" schemaName="contact" behavior="0" />
      <RootComponent type="1" schemaName="crc2e_application" behavior="0" />
      <RootComponent type="1" schemaName="crc2e_job" behavior="0" />
      <RootComponent type="1" schemaName="new_application" behavior="0" />
      <RootComponent type="9" schemaName="crc2e_applicationreviewstatus" behavior="0" />
      <RootComponent type="9" schemaName="crc2e_employeestatus" behavior="0" />
      <RootComponent type="9" schemaName="crc2e_interview1completioncheck" behavior="0" />
      <RootComponent type="9" schemaName="crc2e_jobcategory" behavior="0" />
      <RootComponent type="9" schemaName="crc2e_schedule" behavior="0" />
      <RootComponent type="29" id="{86601caf-b0f5-eb11-94ef-000d3acb5865}" behavior="0" />
      <RootComponent type="29" id="{f00f9adb-dbf5-eb11-94ef-000d3acb5865}" behavior="0" />
      <RootComponent type="61" schemaName="crc2e_jobapplicationlogo" behavior="0" />
      <RootComponent type="61" schemaName="crc2e_JobLogo" behavior="0" />
      <RootComponent type="62" schemaName="crc2e_RecruitmentManagementSystem" behavior="0" />
      <RootComponent type="80" schemaName="crc2e_RecruitmentManagementSystem" behavior="0" />
    </RootComponents>
    <MissingDependencies>
      <MissingDependency>
        <Required type="60" displayName="Contact" parentDisplayName="Applicant" solution="msdynce_AppCommon (9.0.4.0066)" id="{1fed44d1-ae68-4a41-bd2b-f13acac4acfa}" />
        <Dependent type="80" schemaName="crc2e_RecruitmentManagementSystem" displayName="Recruitment Management System" />
      </MissingDependency>
      <MissingDependency>
        <Required type="60" displayName="Contact Quick Create" parentDisplayName="Applicant" solution="msdynce_AppCommon (9.0.4.0066)" id="{661157fe-2fc9-4eaa-835f-5bfa2f7b64f7}" />
        <Dependent type="80" schemaName="crc2e_RecruitmentManagementSystem" displayName="Recruitment Management System" />
      </MissingDependency>
      <MissingDependency>
        <Required type="60" displayName="contact card" parentDisplayName="Applicant" solution="msdynce_AppCommon (9.0.4.0066)" id="{707fc57b-c5e6-471b-a180-e37ed28a38e2}" />
        <Dependent type="80" schemaName="crc2e_RecruitmentManagementSystem" displayName="Recruitment Management System" />
      </MissingDependency>
      <MissingDependency>
        <Required type="61" schemaName="msdyn_/Images/AppModule_Default_Icon.png" displayName="msdyn_/Images/AppModule_Default_Icon.png" solution="AppModuleWebResources (2.5)" />
        <Dependent type="80" schemaName="crc2e_RecruitmentManagementSystem" displayName="Recruitment Management System" />
      </MissingDependency>
      <MissingDependency>
        <Required type="66" schemaName="MscrmControls.Rating.StarRatingControl" displayName="MscrmControls.Rating.StarRatingControl" solution="CustomControlsCore (9.2.21072.00139)" />
        <Dependent type="60" displayName="Information" parentDisplayName="Application" id="{23afcbbd-42b8-4a6b-a109-a91032f97557}" />
      </MissingDependency>
    </MissingDependencies>
  </SolutionManifest>
</ImportExportXml>